Contract Number,Filename,Status,Risk Level,Contract Type,Contract Value,Party A,Party B,Start Date,End Date,Compliance Factors
CNT-2024-0001,CNT-2024-0001_ACTIVE_LOW_Equipment_Rental_Agreement.txt,ACTIVE,LOW,Equipment Rental Agreement,"10,510",GlobalCorp Industries,BuildPro Construction,"October 03, 2025","November 25, 2028",Standard
CNT-2024-0001,CNT-2024-0001_ACTIVE_LOW_Vendor_Agreement.txt,ACTIVE,LOW,Vendor Agreement,"14,305",GlobalCorp Industries,SecureData Corp,"June 29, 2025","June 04, 2027",Standard
CNT-2024-0001,CNT-2024-0001_PENDING_LOW_Software_Licensing_Agreement.txt,PENDING,LOW,Software Licensing Agreement,"24,064",Enterprise Systems LLC,CloudScale Networks,"August 29, 2025","July 26, 2026",Standard
CNT-2024-0002,CNT-2024-0002_ACTIVE_LOW_Construction_Contract.txt,ACTIVE,LOW,Construction Contract,"7,392",InnovateTech Inc,CloudScale Networks,"July 19, 2025","December 27, 2026",Standard
CNT-2024-0002,CNT-2024-0002_ACTIVE_LOW_Distribution_Agreement.txt,ACTIVE,LOW,Distribution Agreement,"17,459",TechCorp Solutions,DataVault Systems,"August 04, 2025","January 12, 2027",Standard
CNT-2024-0003,CNT-2024-0003_ACTIVE_LOW_Software_Licensing_Agreement.txt,ACTIVE,LOW,Software Licensing Agreement,"19,126",NexGen Technologies,BuildPro Construction,"March 14, 2025","February 24, 2028",Standard
CNT-2024-0003,CNT-2024-0003_WARNING_LOW_Cloud_Services_Agreement.txt,WARNING,LOW,Cloud Services Agreement,"20,412",Enterprise Systems LLC,VendorMax Solutions,"May 26, 2025","December 17, 2026",Standard
CNT-2024-0004,CNT-2024-0004_ACTIVE_LOW_Software_Licensing_Agreement.txt,ACTIVE,LOW,Software Licensing Agreement,"14,606",NexGen Technologies,VendorMax Solutions,"February 09, 2025","September 12, 2027",Standard
CNT-2024-0004,CNT-2024-0004_WARNING_LOW_Development_Agreement.txt,WARNING,LOW,Development Agreement,"19,240",Enterprise Systems LLC,VendorMax Solutions,"August 01, 2025","August 31, 2028",Standard
CNT-2024-0005,CNT-2024-0005_ACTIVE_LOW_Equipment_Lease.txt,ACTIVE,LOW,Equipment Lease,"22,517",GlobalCorp Industries,BuildPro Construction,"September 13, 2025","August 03, 2028",Standard
CNT-2024-0005,CNT-2024-0005_WARNING_LOW_Subscription_Agreement.txt,WARNING,LOW,Subscription Agreement,"18,913",InnovateTech Inc,BuildPro Construction,"July 14, 2025","March 25, 2028",Standard
CNT-2024-0006,CNT-2024-0006_ACTIVE_LOW_Data_Processing_Agreement.txt,ACTIVE,LOW,Data Processing Agreement,"11,317",DataStream Systems,SecureData Corp,"March 30, 2025","July 03, 2028",Standard
CNT-2024-0006,CNT-2024-0006_EXPIRED_LOW_Consulting_Services_Agreement.txt,EXPIRED,LOW,Consulting Services Agreement,"10,353",TechCorp Solutions,CloudScale Networks,"February 28, 2025","August 29, 2026",Standard
CNT-2024-0007,CNT-2024-0007_ACTIVE_LOW_Office_Lease_Agreement.txt,ACTIVE,LOW,Office Lease Agreement,"12,040",GlobalCorp Industries,BuildPro Construction,"September 07, 2025","August 13, 2026",Standard
CNT-2024-0007,CNT-2024-0007_ACTIVE_LOW_Partnership_Agreement.txt,ACTIVE,LOW,Partnership Agreement,"11,432",InnovateTech Inc,CloudScale Networks,"January 19, 2025","June 24, 2027",Standard
CNT-2024-0008,CNT-2024-0008_ACTIVE_LOW_Consulting_Services_Agreement.txt,ACTIVE,LOW,Consulting Services Agreement,"8,286",InnovateTech Inc,BuildPro Construction,"December 30, 2025","September 27, 2028",Standard
CNT-2024-0008,CNT-2024-0008_ACTIVE_LOW_Data_Processing_Agreement.txt,ACTIVE,LOW,Data Processing Agreement,"5,616",NexGen Technologies,DataVault Systems,"October 22, 2025","September 07, 2027",Standard
CNT-2024-0009,CNT-2024-0009_ACTIVE_MEDIUM_Construction_Contract.txt,ACTIVE,MEDIUM,Construction Contract,"56,459",InnovateTech Inc,CloudScale Networks,"March 24, 2025","September 08, 2027",Standard
CNT-2024-0009,CNT-2024-0009_EXPIRED_LOW_Subscription_Agreement.txt,EXPIRED,LOW,Subscription Agreement,"14,005",TechCorp Solutions,CloudScale Networks,"June 11, 2025","March 31, 2028",Standard
CNT-2024-0010,CNT-2024-0010_ACTIVE_MEDIUM_Consulting_Services_Agreement.txt,ACTIVE,MEDIUM,Consulting Services Agreement,"48,088",NexGen Technologies,SecureData Corp,"September 24, 2025","February 20, 2028",Standard
CNT-2024-0010,CNT-2024-0010_RENEWED_LOW_Manufacturing_Agreement.txt,RENEWED,LOW,Manufacturing Agreement,"16,485",TechCorp Solutions,BuildPro Construction,"January 30, 2025","March 03, 2026",Standard
CNT-2024-0011,CNT-2024-0011_ACTIVE_MEDIUM_API_Integration_License.txt,ACTIVE,MEDIUM,API Integration License,"27,848",NexGen Technologies,CloudScale Networks,"September 16, 2025","June 28, 2028",Standard
CNT-2024-0011,CNT-2024-0011_WARNING_LOW_Supply_Agreement.txt,WARNING,LOW,Supply Agreement,"19,236",InnovateTech Inc,DataVault Systems,"July 27, 2025","August 18, 2027",Standard
CNT-2024-0012,CNT-2024-0012_ACTIVE_LOW_Healthcare_Services_Agreement.txt,ACTIVE,LOW,Healthcare Services Agreement,"17,768",InnovateTech Inc,CloudScale Networks,"February 10, 2025","September 28, 2027",Standard
CNT-2024-0012,CNT-2024-0012_ACTIVE_MEDIUM_Equipment_Rental_Agreement.txt,ACTIVE,MEDIUM,Equipment Rental Agreement,"56,332",NexGen Technologies,CloudScale Networks,"July 26, 2025","March 25, 2029",Standard
CNT-2024-0013,CNT-2024-0013_ACTIVE_LOW_Distribution_Agreement.txt,ACTIVE,LOW,Distribution Agreement,"21,892",Digital Dynamics Corp,VendorMax Solutions,"May 22, 2025","June 24, 2027",Standard
CNT-2024-0013,CNT-2024-0013_ACTIVE_MEDIUM_Data_Processing_Agreement.txt,ACTIVE,MEDIUM,Data Processing Agreement,"29,398",InnovateTech Inc,BuildPro Construction,"August 22, 2025","November 11, 2027",Standard
CNT-2024-0014,CNT-2024-0014_ACTIVE_MEDIUM_Data_Processing_Agreement.txt,ACTIVE,MEDIUM,Data Processing Agreement,"59,591",GlobalCorp Industries,SecureData Corp,"November 17, 2025","May 01, 2027",Standard
CNT-2024-0014,CNT-2024-0014_RENEWED_LOW_Vendor_Agreement.txt,RENEWED,LOW,Vendor Agreement,"9,888",Enterprise Systems LLC,DataVault Systems,"September 14, 2025","January 22, 2027",Standard
CNT-2024-0015,CNT-2024-0015_ACTIVE_LOW_IT_Support_Contract.txt,ACTIVE,LOW,IT Support Contract,"11,499",Enterprise Systems LLC,DataVault Systems,"March 21, 2025","August 29, 2027",Standard
CNT-2024-0015,CNT-2024-0015_ACTIVE_MEDIUM_Development_Agreement.txt,ACTIVE,MEDIUM,Development Agreement,"32,147",NexGen Technologies,SecureData Corp,"February 02, 2025","September 08, 2027",Standard
CNT-2024-0016,CNT-2024-0016_ACTIVE_MEDIUM_IT_Support_Contract.txt,ACTIVE,MEDIUM,IT Support Contract,"50,639",GlobalCorp Industries,VendorMax Solutions,"March 06, 2025","August 21, 2027",Standard
CNT-2024-0016,CNT-2024-0016_RENEWED_LOW_Office_Lease_Agreement.txt,RENEWED,LOW,Office Lease Agreement,"23,694",TechCorp Solutions,DataVault Systems,"January 02, 2025","August 16, 2026",Standard
CNT-2024-0017,CNT-2024-0017_ACTIVE_LOW_Cloud_Services_Agreement.txt,ACTIVE,LOW,Cloud Services Agreement,"12,064",GlobalCorp Industries,VendorMax Solutions,"July 04, 2025","September 29, 2027",Standard
CNT-2024-0017,CNT-2024-0017_ACTIVE_MEDIUM_Development_Agreement.txt,ACTIVE,MEDIUM,Development Agreement,"87,082",InnovateTech Inc,DataVault Systems,"June 30, 2025","May 30, 2028",Standard
CNT-2024-0018,CNT-2024-0018_ACTIVE_MEDIUM_Vendor_Agreement.txt,ACTIVE,MEDIUM,Vendor Agreement,"80,271",DataStream Systems,BuildPro Construction,"December 02, 2025","March 27, 2029",Standard
CNT-2024-0018,CNT-2024-0018_WARNING_LOW_Supply_Agreement.txt,WARNING,LOW,Supply Agreement,"21,581",InnovateTech Inc,DataVault Systems,"September 12, 2025","May 27, 2028",Standard
CNT-2024-0019,CNT-2024-0019_ACTIVE_HIGH_Subscription_Agreement.txt,ACTIVE,HIGH,Subscription Agreement,"140,710",TechCorp Solutions,VendorMax Solutions,"March 09, 2025","March 16, 2028","GDPR, PCI-DSS, SOC 2"
CNT-2024-0019,CNT-2024-0019_ACTIVE_LOW_Software_Licensing_Agreement.txt,ACTIVE,LOW,Software Licensing Agreement,"14,722",Enterprise Systems LLC,DataVault Systems,"February 07, 2025","September 20, 2027",Standard
CNT-2024-0020,CNT-2024-0020_ACTIVE_HIGH_Cloud_Services_Agreement.txt,ACTIVE,HIGH,Cloud Services Agreement,"372,019",NexGen Technologies,SecureData Corp,"January 30, 2025","August 03, 2028","GDPR, PCI-DSS, SOC 2"
CNT-2024-0020,CNT-2024-0020_PENDING_LOW_Vendor_Agreement.txt,PENDING,LOW,Vendor Agreement,"6,401",InnovateTech Inc,SecureData Inc,"March 17, 2025","June 12, 2026",Standard
CNT-2024-0021,CNT-2024-0021_ACTIVE_HIGH_Marketing_Services_Agreement.txt,ACTIVE,HIGH,Marketing Services Agreement,"286,795",DataStream Systems,DataVault Systems,"August 24, 2025","October 10, 2026","GDPR, PCI-DSS, SOC 2"
CNT-2024-0021,CNT-2024-0021_WARNING_LOW_Professional_Services_Contract.txt,WARNING,LOW,Professional Services Contract,"13,353",Enterprise Systems LLC,BuildPro Construction,"December 10, 2025","May 04, 2028",Standard
CNT-2024-0022,CNT-2024-0022_ACTIVE_HIGH_Service_Level_Agreement.txt,ACTIVE,HIGH,Service Level Agreement,"402,828",TechCorp Solutions,SecureData Corp,"February 04, 2025","August 18, 2028","GDPR, PCI-DSS, SOC 2"
CNT-2024-0022,CNT-2024-0022_ACTIVE_LOW_Manufacturing_Agreement.txt,ACTIVE,LOW,Manufacturing Agreement,"5,590",Enterprise Systems LLC,CloudScale Networks,"June 03, 2025","March 29, 2028",Standard
CNT-2024-0023,CNT-2024-0023_ACTIVE_HIGH_Partnership_Agreement.txt,ACTIVE,HIGH,Partnership Agreement,"325,322",GlobalCorp Industries,VendorMax Solutions,"January 23, 2025","April 16, 2028","GDPR, PCI-DSS, SOC 2"
CNT-2024-0023,CNT-2024-0023_PENDING_LOW_Manufacturing_Agreement.txt,PENDING,LOW,Manufacturing Agreement,"16,241",Digital Dynamics Corp,DataVault Systems,"May 24, 2025","March 31, 2027",Standard
CNT-2024-0024,CNT-2024-0024_ACTIVE_HIGH_Data_Processing_Agreement.txt,ACTIVE,HIGH,Data Processing Agreement,"124,059",TechCorp Solutions,CloudScale Networks,"February 21, 2025","September 13, 2026","GDPR, PCI-DSS, SOC 2"
CNT-2024-0024,CNT-2024-0024_ACTIVE_MEDIUM_Manufacturing_Agreement.txt,ACTIVE,MEDIUM,Manufacturing Agreement,"40,173",TechCorp Solutions,VendorMax Solutions,"January 22, 2025","January 04, 2028","GDPR, SOC 2"
CNT-2024-0025,CNT-2024-0025_ACTIVE_CRITICAL_Equipment_Rental_Agreement.txt,ACTIVE,CRITICAL,Equipment Rental Agreement,"644,182",GlobalCorp Industries,CloudScale Networks,"April 07, 2025","May 24, 2026","HIPAA, GDPR, PCI-DSS, FDA, SOX"
CNT-2024-0025,CNT-2024-0025_ACTIVE_MEDIUM_Vendor_Agreement.txt,ACTIVE,MEDIUM,Vendor Agreement,"78,688",Digital Dynamics Corp,CloudScale Networks,"April 23, 2025","April 09, 2028","GDPR, SOC 2"
CNT-2024-0026,CNT-2024-0026_ACTIVE_CRITICAL_Subscription_Agreement.txt,ACTIVE,CRITICAL,Subscription Agreement,"957,327",TechCorp Solutions,CloudScale Networks,"July 19, 2025","June 30, 2028","HIPAA, GDPR, PCI-DSS, FDA, SOX"
CNT-2024-0026,CNT-2024-0026_RENEWED_MEDIUM_Financial_Services_Agreement.txt,RENEWED,MEDIUM,Financial Services Agreement,"55,581",Enterprise Systems LLC,DataVault Systems,"June 17, 2025","August 03, 2026","GDPR, SOC 2"
CNT-2024-0027,CNT-2024-0027_ACTIVE_CRITICAL_Equipment_Rental_Agreement.txt,ACTIVE,CRITICAL,Equipment Rental Agreement,"997,034",InnovateTech Inc,VendorMax Solutions,"March 30, 2025","December 04, 2027","HIPAA, GDPR, PCI-DSS, FDA, SOX"
CNT-2024-0027,CNT-2024-0027_WARNING_MEDIUM_Service_Level_Agreement.txt,WARNING,MEDIUM,Service Level Agreement,"54,631",InnovateTech Inc,VendorMax Solutions,"August 19, 2025","July 27, 2028","GDPR, SOC 2"
CNT-2024-0028,CNT-2024-0028_EXPIRED_LOW_Software_Licensing_Agreement.txt,EXPIRED,LOW,Software Licensing Agreement,"16,803",NexGen Technologies,DataVault Systems,"July 10, 2025","September 16, 2025",Standard
CNT-2024-0028,CNT-2024-0028_RENEWED_MEDIUM_Subscription_Agreement.txt,RENEWED,MEDIUM,Subscription Agreement,"55,903",Digital Dynamics Corp,BuildPro Construction,"July 07, 2025","December 22, 2026","GDPR, SOC 2"
CNT-2024-0029,CNT-2024-0029_ACTIVE_MEDIUM_Equipment_Rental_Agreement.txt,ACTIVE,MEDIUM,Equipment Rental Agreement,"93,218",TechCorp Solutions,CloudScale Networks,"December 27, 2025","March 10, 2029","GDPR, SOC 2"
CNT-2024-0029,CNT-2024-0029_EXPIRED_LOW_Partnership_Agreement.txt,EXPIRED,LOW,Partnership Agreement,"19,461",GlobalCorp Industries,SecureData Corp,"December 04, 2025","October 02, 2025",Standard
CNT-2024-0030,CNT-2024-0030_EXPIRED_LOW_Distribution_Agreement.txt,EXPIRED,LOW,Distribution Agreement,"5,142",TechCorp Solutions,VendorMax Solutions,"September 19, 2025","August 23, 2025",Standard
CNT-2024-0030,CNT-2024-0030_WARNING_MEDIUM_Equipment_Rental_Agreement.txt,WARNING,MEDIUM,Equipment Rental Agreement,"40,385",GlobalCorp Industries,CloudScale Networks,"January 12, 2025","September 15, 2027","GDPR, SOC 2"
CNT-2024-0031,CNT-2024-0031_ACTIVE_MEDIUM_IT_Support_Contract.txt,ACTIVE,MEDIUM,IT Support Contract,"70,320",InnovateTech Inc,BuildPro Construction,"November 24, 2025","October 27, 2028","GDPR, SOC 2"
CNT-2024-0031,CNT-2024-0031_EXPIRED_MEDIUM_Supply_Agreement.txt,EXPIRED,MEDIUM,Supply Agreement,"66,864",DataStream Systems,CloudScale Networks,"June 21, 2025","November 07, 2025",Standard
CNT-2024-0032,CNT-2024-0032_EXPIRED_MEDIUM_IT_Support_Contract.txt,EXPIRED,MEDIUM,IT Support Contract,"98,776",GlobalCorp Industries,VendorMax Solutions,"April 20, 2025","December 08, 2025",Standard
CNT-2024-0032,CNT-2024-0032_WARNING_MEDIUM_Subscription_Agreement.txt,WARNING,MEDIUM,Subscription Agreement,"61,543",TechCorp Solutions,CloudScale Networks,"July 13, 2025","September 16, 2027","GDPR, SOC 2"
CNT-2024-0033,CNT-2024-0033_EXPIRED_MEDIUM_IT_Support_Contract.txt,EXPIRED,MEDIUM,IT Support Contract,"88,437",TechCorp Solutions,CloudScale Networks,"September 06, 2025","August 06, 2025",Standard
CNT-2024-0033,CNT-2024-0033_WARNING_MEDIUM_Manufacturing_Agreement.txt,WARNING,MEDIUM,Manufacturing Agreement,"38,648",InnovateTech Inc,CloudScale Networks,"October 09, 2025","November 02, 2028","GDPR, SOC 2"
CNT-2024-0034,CNT-2024-0034_EXPIRED_MEDIUM_IT_Support_Contract.txt,EXPIRED,MEDIUM,IT Support Contract,"91,012",GlobalCorp Industries,CloudScale Networks,"February 03, 2025","May 23, 2027","GDPR, SOC 2"
CNT-2024-0035,CNT-2024-0035_EXPIRED_HIGH_Equipment_Lease.txt,EXPIRED,HIGH,Equipment Lease,"264,688",NexGen Technologies,CloudScale Networks,"November 22, 2025","November 30, 2025","GDPR, PCI-DSS, SOC 2"
CNT-2024-0035,CNT-2024-0035_PENDING_MEDIUM_Professional_Services_Contract.txt,PENDING,MEDIUM,Professional Services Contract,"55,769",Digital Dynamics Corp,BuildPro Construction,"June 01, 2025","July 26, 2027","GDPR, SOC 2"
CNT-2024-0036,CNT-2024-0036_ACTIVE_MEDIUM_Development_Agreement.txt,ACTIVE,MEDIUM,Development Agreement,"56,700",Enterprise Systems LLC,DataVault Systems,"November 24, 2025","June 06, 2027","GDPR, SOC 2"
CNT-2024-0036,CNT-2024-0036_EXPIRED_HIGH_Office_Lease_Agreement.txt,EXPIRED,HIGH,Office Lease Agreement,"185,479",TechCorp Solutions,SecureData Corp,"June 29, 2025","September 14, 2025","GDPR, PCI-DSS, SOC 2"
CNT-2024-0037,CNT-2024-0037_EXPIRED_CRITICAL_API_Integration_License.txt,EXPIRED,CRITICAL,API Integration License,"802,230",InnovateTech Inc,CloudScale Networks,"April 28, 2025","December 26, 2025","HIPAA, GDPR, PCI-DSS, FDA, SOX"
CNT-2024-0037,CNT-2024-0037_RENEWED_MEDIUM_API_Integration_License.txt,RENEWED,MEDIUM,API Integration License,"61,536",TechCorp Solutions,BuildPro Construction,"July 05, 2025","November 16, 2027","GDPR, SOC 2"
CNT-2024-0038,CNT-2024-0038_EXPIRED_MEDIUM_IT_Support_Contract.txt,EXPIRED,MEDIUM,IT Support Contract,"36,803",TechCorp Solutions,VendorMax Solutions,"November 26, 2025","June 18, 2028","GDPR, SOC 2"
CNT-2024-0038,CNT-2024-0038_RENEWED_LOW_Distribution_Agreement.txt,RENEWED,LOW,Distribution Agreement,"7,679",TechCorp Solutions,DataVault Systems,"October 20, 2025","December 09, 2026",Standard
CNT-2024-0039,CNT-2024-0039_EXPIRED_MEDIUM_Manufacturing_Agreement.txt,EXPIRED,MEDIUM,Manufacturing Agreement,"63,159",Enterprise Systems LLC,CloudScale Networks,"February 16, 2025","August 13, 2027","GDPR, SOC 2"
CNT-2024-0039,CNT-2024-0039_RENEWED_LOW_Development_Agreement.txt,RENEWED,LOW,Development Agreement,"12,795",TechCorp Solutions,BuildPro Construction,"January 20, 2025","February 24, 2028",Standard
CNT-2024-0040,CNT-2024-0040_EXPIRED_MEDIUM_Construction_Contract.txt,EXPIRED,MEDIUM,Construction Contract,"47,171",GlobalCorp Industries,VendorMax Solutions,"September 01, 2025","August 18, 2028","GDPR, SOC 2"
CNT-2024-0040,CNT-2024-0040_RENEWED_MEDIUM_Construction_Contract.txt,RENEWED,MEDIUM,Construction Contract,"91,826",DataStream Systems,VendorMax Solutions,"June 23, 2025","July 02, 2026",Standard
CNT-2024-0041,CNT-2024-0041_ACTIVE_MEDIUM_Financial_Services_Agreement.txt,ACTIVE,MEDIUM,Financial Services Agreement,"61,490",TechCorp Solutions,DataVault Systems,"February 16, 2025","July 24, 2026","GDPR, SOC 2"
CNT-2024-0041,CNT-2024-0041_RENEWED_MEDIUM_Marketing_Services_Agreement.txt,RENEWED,MEDIUM,Marketing Services Agreement,"48,381",InnovateTech Inc,BuildPro Construction,"August 29, 2025","December 16, 2026",Standard
CNT-2024-0042,CNT-2024-0042_EXPIRED_MEDIUM_Financial_Services_Agreement.txt,EXPIRED,MEDIUM,Financial Services Agreement,"61,677",Digital Dynamics Corp,CloudScale Networks,"November 10, 2025","April 13, 2028","GDPR, SOC 2"
CNT-2024-0042,CNT-2024-0042_RENEWED_MEDIUM_Development_Agreement.txt,RENEWED,MEDIUM,Development Agreement,"84,835",InnovateTech Inc,CloudScale Networks,"November 09, 2025","December 07, 2026",Standard
CNT-2024-0043,CNT-2024-0043_ACTIVE_MEDIUM_Equipment_Lease.txt,ACTIVE,MEDIUM,Equipment Lease,"84,264",Enterprise Systems LLC,BuildPro Construction,"March 12, 2025","December 01, 2027","GDPR, SOC 2"
CNT-2024-0043,CNT-2024-0043_RENEWED_HIGH_IT_Support_Contract.txt,RENEWED,HIGH,IT Support Contract,"171,532",GlobalCorp Industries,CloudScale Networks,"March 18, 2025","October 15, 2028","GDPR, PCI-DSS, SOC 2"
CNT-2024-0044,CNT-2024-0044_PENDING_MEDIUM_Financial_Services_Agreement.txt,PENDING,MEDIUM,Financial Services Agreement,"66,985",Enterprise Systems LLC,DataVault Systems,"August 06, 2025","January 13, 2028","GDPR, SOC 2"
CNT-2024-0044,CNT-2024-0044_RENEWED_HIGH_Marketing_Services_Agreement.txt,RENEWED,HIGH,Marketing Services Agreement,"480,596",NexGen Technologies,VendorMax Solutions,"May 01, 2025","May 16, 2028","GDPR, PCI-DSS, SOC 2"
CNT-2024-0045,CNT-2024-0045_ACTIVE_MEDIUM_Construction_Contract.txt,ACTIVE,MEDIUM,Construction Contract,"36,790",Digital Dynamics Corp,DataVault Systems,"January 17, 2025","February 08, 2028","GDPR, SOC 2"
CNT-2024-0045,CNT-2024-0045_RENEWED_CRITICAL_Office_Lease_Agreement.txt,RENEWED,CRITICAL,Office Lease Agreement,"1,675,746",GlobalCorp Industries,DataVault Systems,"December 14, 2025","March 18, 2028","HIPAA, GDPR, PCI-DSS, FDA, SOX"
CNT-2024-0046,CNT-2024-0046_PENDING_LOW_Software_Licensing_Agreement.txt,PENDING,LOW,Software Licensing Agreement,"6,857",DataStream Systems,SecureData Corp,"January 26, 2025","August 17, 2027",Standard
CNT-2024-0046,CNT-2024-0046_PENDING_MEDIUM_Healthcare_Services_Agreement.txt,PENDING,MEDIUM,Healthcare Services Agreement,"61,649",GlobalCorp Industries,VendorMax Solutions,"September 27, 2025","September 23, 2028","GDPR, SOC 2"
CNT-2024-0047,CNT-2024-0047_ACTIVE_MEDIUM_Service_Level_Agreement.txt,ACTIVE,MEDIUM,Service Level Agreement,"49,587",GlobalCorp Industries,DataVault Systems,"September 27, 2025","July 06, 2028","GDPR, SOC 2"
CNT-2024-0047,CNT-2024-0047_PENDING_LOW_Logistics_Contract.txt,PENDING,LOW,Logistics Contract,"8,890",GlobalCorp Industries,BuildPro Construction,"April 21, 2025","October 22, 2026",Standard
CNT-2024-0048,CNT-2024-0048_PENDING_LOW_Maintenance_Contract.txt,PENDING,LOW,Maintenance Contract,"9,902",DataStream Systems,DataVault Systems,"September 06, 2025","May 12, 2029",Standard
CNT-2024-0048,CNT-2024-0048_RENEWED_MEDIUM_Equipment_Rental_Agreement.txt,RENEWED,MEDIUM,Equipment Rental Agreement,"50,009",InnovateTech Inc,VendorMax Solutions,"November 11, 2025","March 04, 2027","GDPR, SOC 2"
CNT-2024-0049,CNT-2024-0049_EXPIRED_MEDIUM_Vendor_Agreement.txt,EXPIRED,MEDIUM,Vendor Agreement,"31,378",Enterprise Systems LLC,CloudScale Networks,"February 20, 2025","June 21, 2026","GDPR, SOC 2"
CNT-2024-0049,CNT-2024-0049_PENDING_MEDIUM_Software_Licensing_Agreement.txt,PENDING,MEDIUM,Software Licensing Agreement,"68,108",DataStream Systems,CloudScale Networks,"March 14, 2025","April 12, 2027",Standard
CNT-2024-0050,CNT-2024-0050_ACTIVE_MEDIUM_Manufacturing_Agreement.txt,ACTIVE,MEDIUM,Manufacturing Agreement,"80,612",Enterprise Systems LLC,BuildPro Construction,"November 14, 2025","August 29, 2028","GDPR, SOC 2"
CNT-2024-0050,CNT-2024-0050_PENDING_MEDIUM_Distribution_Agreement.txt,PENDING,MEDIUM,Distribution Agreement,"35,949",GlobalCorp Industries,CloudScale Networks,"July 14, 2025","January 25, 2027",Standard
CNT-2024-0051,CNT-2024-0051_PENDING_MEDIUM_API_Integration_License.txt,PENDING,MEDIUM,API Integration License,"91,333",InnovateTech Inc,BuildPro Construction,"October 19, 2025","January 23, 2027",Standard
CNT-2024-0051,CNT-2024-0051_PENDING_MEDIUM_Consulting_Services_Agreement.txt,PENDING,MEDIUM,Consulting Services Agreement,"92,373",Digital Dynamics Corp,VendorMax Solutions,"June 19, 2025","July 10, 2027","GDPR, SOC 2"
CNT-2024-0052,CNT-2024-0052_EXPIRED_MEDIUM_Cloud_Services_Agreement.txt,EXPIRED,MEDIUM,Cloud Services Agreement,"46,413",Digital Dynamics Corp,VendorMax Solutions,"December 04, 2025","February 03, 2028","GDPR, SOC 2"
CNT-2024-0052,CNT-2024-0052_PENDING_MEDIUM_API_Integration_License.txt,PENDING,MEDIUM,API Integration License,"95,277",NexGen Technologies,SecureData Corp,"January 14, 2025","June 27, 2028",Standard
CNT-2024-0053,CNT-2024-0053_PENDING_HIGH_Equipment_Lease.txt,PENDING,HIGH,Equipment Lease,"298,065",NexGen Technologies,VendorMax Solutions,"July 27, 2025","December 03, 2026","GDPR, PCI-DSS, SOC 2"
CNT-2024-0053,CNT-2024-0053_PENDING_MEDIUM_Logistics_Contract.txt,PENDING,MEDIUM,Logistics Contract,"47,406",TechCorp Solutions,DataVault Systems,"February 12, 2025","May 07, 2028","GDPR, SOC 2"
CNT-2024-0054,CNT-2024-0054_PENDING_HIGH_Software_Licensing_Agreement.txt,PENDING,HIGH,Software Licensing Agreement,"304,073",GlobalCorp Industries,DataVault Systems,"February 14, 2025","October 09, 2027","GDPR, PCI-DSS, SOC 2"
CNT-2024-0054,CNT-2024-0054_WARNING_MEDIUM_Logistics_Contract.txt,WARNING,MEDIUM,Logistics Contract,"32,233",InnovateTech Inc,CloudScale Networks,"December 26, 2025","January 11, 2027","GDPR, SOC 2"
CNT-2024-0055,CNT-2024-0055_PENDING_CRITICAL_Equipment_Lease.txt,PENDING,CRITICAL,Equipment Lease,"1,203,624",InnovateTech Inc,VendorMax Solutions,"May 13, 2025","May 29, 2027","HIPAA, GDPR, PCI-DSS, FDA, SOX"
CNT-2024-0055,CNT-2024-0055_RENEWED_MEDIUM_Equipment_Lease.txt,RENEWED,MEDIUM,Equipment Lease,"50,945",TechCorp Solutions,BuildPro Construction,"January 05, 2025","March 05, 2027","GDPR, SOC 2"
CNT-2024-0056,CNT-2024-0056_PENDING_MEDIUM_Data_Processing_Agreement.txt,PENDING,MEDIUM,Data Processing Agreement,"66,900",InnovateTech Inc,DataVault Systems,"October 19, 2025","July 19, 2027","GDPR, SOC 2"
CNT-2024-0056,CNT-2024-0056_WARNING_LOW_Service_Level_Agreement.txt,WARNING,LOW,Service Level Agreement,"14,673",DataStream Systems,SecureData Corp,"November 10, 2025","February 13, 2026",Standard
CNT-2024-0057,CNT-2024-0057_EXPIRED_MEDIUM_Software_Licensing_Agreement.txt,EXPIRED,MEDIUM,Software Licensing Agreement,"95,896",GlobalCorp Industries,DataVault Systems,"October 06, 2025","August 09, 2027","GDPR, SOC 2"
CNT-2024-0057,CNT-2024-0057_WARNING_LOW_Development_Agreement.txt,WARNING,LOW,Development Agreement,"18,560",GlobalCorp Industries,BuildPro Construction,"April 21, 2025","February 08, 2026",Standard
CNT-2024-0058,CNT-2024-0058_RENEWED_MEDIUM_Equipment_Rental_Agreement.txt,RENEWED,MEDIUM,Equipment Rental Agreement,"67,158",TechCorp Solutions,DataVault Systems,"May 07, 2025","October 08, 2026","GDPR, SOC 2"
CNT-2024-0058,CNT-2024-0058_WARNING_MEDIUM_Vendor_Agreement.txt,WARNING,MEDIUM,Vendor Agreement,"72,352",NexGen Technologies,VendorMax Solutions,"May 28, 2025","January 28, 2026",Standard
CNT-2024-0059,CNT-2024-0059_RENEWED_HIGH_Logistics_Contract.txt,RENEWED,HIGH,Logistics Contract,"219,322",GlobalCorp Industries,SecureData Inc,"June 23, 2025","March 19, 2027","GDPR, PCI-DSS, SOC 2"
CNT-2024-0059,CNT-2024-0059_WARNING_MEDIUM_Equipment_Rental_Agreement.txt,WARNING,MEDIUM,Equipment Rental Agreement,"58,652",NexGen Technologies,BuildPro Construction,"April 24, 2025","January 15, 2026",Standard
CNT-2024-0060,CNT-2024-0060_ACTIVE_HIGH_Consulting_Services_Agreement.txt,ACTIVE,HIGH,Consulting Services Agreement,"399,470",Enterprise Systems LLC,DataVault Systems,"May 17, 2025","May 30, 2027","GDPR, PCI-DSS, SOC 2"
CNT-2024-0060,CNT-2024-0060_WARNING_MEDIUM_Supply_Agreement.txt,WARNING,MEDIUM,Supply Agreement,"64,569",TechCorp Solutions,VendorMax Solutions,"June 08, 2025","January 23, 2026",Standard
CNT-2024-0061,CNT-2024-0061_WARNING_HIGH_Manufacturing_Agreement.txt,WARNING,HIGH,Manufacturing Agreement,"232,475",TechCorp Solutions,DataVault Systems,"August 17, 2025","June 24, 2028","GDPR, PCI-DSS, SOC 2"
CNT-2024-0061,CNT-2024-0061_WARNING_HIGH_Partnership_Agreement.txt,WARNING,HIGH,Partnership Agreement,"284,405",DataStream Systems,SecureData Corp,"November 18, 2025","January 15, 2026","GDPR, PCI-DSS, SOC 2"
CNT-2024-0062,CNT-2024-0062_RENEWED_HIGH_Data_Processing_Agreement.txt,RENEWED,HIGH,Data Processing Agreement,"489,832",InnovateTech Inc,VendorMax Solutions,"July 31, 2025","September 17, 2027","GDPR, PCI-DSS, SOC 2"
CNT-2024-0062,CNT-2024-0062_WARNING_HIGH_Service_Level_Agreement.txt,WARNING,HIGH,Service Level Agreement,"317,487",TechCorp Solutions,DataVault Systems,"December 01, 2025","February 05, 2026","GDPR, PCI-DSS, SOC 2"
CNT-2024-0063,CNT-2024-0063_WARNING_HIGH_Development_Agreement.txt,WARNING,HIGH,Development Agreement,"383,429",InnovateTech Inc,SecureData Inc,"February 22, 2025","June 09, 2027","GDPR, PCI-DSS, SOC 2"
CNT-2024-0063,CNT-2024-0063_WARNING_HIGH_Professional_Services_Contract.txt,WARNING,HIGH,Professional Services Contract,"240,306",InnovateTech Inc,VendorMax Solutions,"April 05, 2025","January 18, 2026","GDPR, PCI-DSS, SOC 2"
CNT-2024-0064,CNT-2024-0064_ACTIVE_HIGH_Equipment_Rental_Agreement.txt,ACTIVE,HIGH,Equipment Rental Agreement,"421,056",InnovateTech Inc,DataVault Systems,"April 11, 2025","September 09, 2027","GDPR, PCI-DSS, SOC 2"
CNT-2024-0064,CNT-2024-0064_WARNING_CRITICAL_Manufacturing_Agreement.txt,WARNING,CRITICAL,Manufacturing Agreement,"1,563,553",InnovateTech Inc,BuildPro Construction,"April 23, 2025","February 12, 2026","HIPAA, GDPR, PCI-DSS, FDA, SOX"
CNT-2024-0065,CNT-2024-0065_ACTIVE_HIGH_Office_Lease_Agreement.txt,ACTIVE,HIGH,Office Lease Agreement,"191,899",Digital Dynamics Corp,CloudScale Networks,"October 18, 2025","August 11, 2027","GDPR, PCI-DSS, SOC 2"
CNT-2024-0065,CNT-2024-0065_WARNING_CRITICAL_Service_Level_Agreement.txt,WARNING,CRITICAL,Service Level Agreement,"1,638,033",NexGen Technologies,SecureData Corp,"November 19, 2025","January 15, 2026","HIPAA, GDPR, PCI-DSS, FDA, SOX"
CNT-2024-0066,CNT-2024-0066_PENDING_HIGH_Supply_Agreement.txt,PENDING,HIGH,Supply Agreement,"319,896",Digital Dynamics Corp,BuildPro Construction,"February 23, 2025","October 25, 2027","GDPR, PCI-DSS, SOC 2"
CNT-2024-0066,CNT-2024-0066_PENDING_LOW_Equipment_Lease.txt,PENDING,LOW,Equipment Lease,"9,492",GlobalCorp Industries,DataVault Systems,"June 28, 2025","September 02, 2027",Standard
CNT-2024-0067,CNT-2024-0067_WARNING_HIGH_Cloud_Services_Agreement.txt,WARNING,HIGH,Cloud Services Agreement,"326,954",TechCorp Solutions,SecureData Inc,"April 13, 2025","April 12, 2026","GDPR, PCI-DSS, SOC 2"
CNT-2024-0067,CNT-2024-0067_WARNING_LOW_Distribution_Agreement.txt,WARNING,LOW,Distribution Agreement,"18,375",TechCorp Solutions,VendorMax Solutions,"October 09, 2025","February 12, 2026",Standard
CNT-2024-0068,CNT-2024-0068_EXPIRED_LOW_Healthcare_Services_Agreement.txt,EXPIRED,LOW,Healthcare Services Agreement,"18,232",DataStream Systems,VendorMax Solutions,"April 01, 2025","August 12, 2025",Standard
CNT-2024-0068,CNT-2024-0068_RENEWED_HIGH_Supply_Agreement.txt,RENEWED,HIGH,Supply Agreement,"370,616",GlobalCorp Industries,DataVault Systems,"September 10, 2025","September 14, 2026","GDPR, PCI-DSS, SOC 2"
CNT-2024-0069,CNT-2024-0069_EXPIRED_HIGH_Partnership_Agreement.txt,EXPIRED,HIGH,Partnership Agreement,"362,236",TechCorp Solutions,VendorMax Solutions,"June 16, 2025","February 12, 2028","GDPR, PCI-DSS, SOC 2"
CNT-2024-0069,CNT-2024-0069_PENDING_HIGH_Healthcare_Services_Agreement.txt,PENDING,HIGH,Healthcare Services Agreement,"498,603",TechCorp Solutions,BuildPro Construction,"February 20, 2025","March 02, 2028","GDPR, PCI-DSS, SOC 2"
CNT-2024-0070,CNT-2024-0070_ACTIVE_HIGH_Software_Licensing_Agreement.txt,ACTIVE,HIGH,Software Licensing Agreement,"209,255",Digital Dynamics Corp,VendorMax Solutions,"July 21, 2025","April 20, 2028","GDPR, PCI-DSS, SOC 2"
CNT-2024-0070,CNT-2024-0070_RENEWED_HIGH_Software_Licensing_Agreement.txt,RENEWED,HIGH,Software Licensing Agreement,"105,601",TechCorp Solutions,DataVault Systems,"July 27, 2025","December 13, 2026","GDPR, PCI-DSS, SOC 2"
CNT-2024-0071,CNT-2024-0071_ACTIVE_HIGH_Equipment_Lease.txt,ACTIVE,HIGH,Equipment Lease,"318,188",InnovateTech Inc,VendorMax Solutions,"February 26, 2025","March 28, 2026","GDPR, PCI-DSS, SOC 2"
CNT-2024-0071,CNT-2024-0071_EXPIRED_HIGH_Supply_Agreement.txt,EXPIRED,HIGH,Supply Agreement,"406,409",GlobalCorp Industries,SecureData Inc,"August 06, 2025","June 20, 2028","GDPR, PCI-DSS, SOC 2"
CNT-2024-0072,CNT-2024-0072_WARNING_CRITICAL_Vendor_Agreement.txt,WARNING,CRITICAL,Vendor Agreement,"1,277,471",GlobalCorp Industries,DataVault Systems,"March 19, 2025","January 22, 2026","HIPAA, GDPR, PCI-DSS, FDA, SOX"
CNT-2024-0072,CNT-2024-0072_WARNING_HIGH_Cloud_Services_Agreement.txt,WARNING,HIGH,Cloud Services Agreement,"166,977",InnovateTech Inc,VendorMax Solutions,"April 16, 2025","March 13, 2027","GDPR, PCI-DSS, SOC 2"
CNT-2024-0073,CNT-2024-0073_PENDING_CRITICAL_Distribution_Agreement.txt,PENDING,CRITICAL,Distribution Agreement,"898,849",InnovateTech Inc,CloudScale Networks,"August 08, 2025","August 21, 2028","HIPAA, GDPR, PCI-DSS, FDA, SOX"
CNT-2024-0073,CNT-2024-0073_RENEWED_HIGH_Consulting_Services_Agreement.txt,RENEWED,HIGH,Consulting Services Agreement,"423,248",Digital Dynamics Corp,CloudScale Networks,"January 16, 2025","December 22, 2027","GDPR, PCI-DSS, SOC 2"
CNT-2024-0074,CNT-2024-0074_EXPIRED_MEDIUM_Software_Licensing_Agreement.txt,EXPIRED,MEDIUM,Software Licensing Agreement,"67,600",NexGen Technologies,SecureData Corp,"April 13, 2025","October 09, 2025",Standard
CNT-2024-0074,CNT-2024-0074_WARNING_HIGH_Subscription_Agreement.txt,WARNING,HIGH,Subscription Agreement,"482,915",InnovateTech Inc,CloudScale Networks,"September 01, 2025","September 04, 2028","GDPR, PCI-DSS, SOC 2"
CNT-2024-0075,CNT-2024-0075_ACTIVE_HIGH_Construction_Contract.txt,ACTIVE,HIGH,Construction Contract,"202,256",GlobalCorp Industries,VendorMax Solutions,"November 29, 2025","December 28, 2028","GDPR, PCI-DSS, SOC 2"
CNT-2024-0075,CNT-2024-0075_RENEWED_MEDIUM_Data_Processing_Agreement.txt,RENEWED,MEDIUM,Data Processing Agreement,"33,450",GlobalCorp Industries,SecureData Corp,"November 20, 2025","June 06, 2027",Standard
CNT-2024-0076,CNT-2024-0076_ACTIVE_HIGH_Equipment_Lease.txt,ACTIVE,HIGH,Equipment Lease,"294,121",Enterprise Systems LLC,VendorMax Solutions,"May 03, 2025","June 19, 2026","GDPR, PCI-DSS, SOC 2"
CNT-2024-0076,CNT-2024-0076_ACTIVE_HIGH_Financial_Services_Agreement.txt,ACTIVE,HIGH,Financial Services Agreement,"452,752",Enterprise Systems LLC,DataVault Systems,"August 15, 2025","April 22, 2028","GDPR, PCI-DSS, SOC 2"
CNT-2024-0076,CNT-2024-0076_WARNING_CRITICAL_Marketing_Services_Agreement.txt,WARNING,CRITICAL,Marketing Services Agreement,"1,257,463",GlobalCorp Industries,VendorMax Solutions,"March 23, 2025","February 09, 2026","HIPAA, GDPR, PCI-DSS, FDA, SOX"
CNT-2024-0077,CNT-2024-0077_WARNING_HIGH_IT_Support_Contract.txt,WARNING,HIGH,IT Support Contract,"478,193",InnovateTech Inc,VendorMax Solutions,"August 31, 2025","January 26, 2028","GDPR, PCI-DSS, SOC 2"
CNT-2024-0077,CNT-2024-0077_WARNING_LOW_Subscription_Agreement.txt,WARNING,LOW,Subscription Agreement,"13,268",DataStream Systems,CloudScale Networks,"November 18, 2025","February 05, 2026",Standard
CNT-2024-0078,CNT-2024-0078_EXPIRED_CRITICAL_Supply_Agreement.txt,EXPIRED,CRITICAL,Supply Agreement,"533,728",NexGen Technologies,SecureData Corp,"November 30, 2025","October 12, 2025","HIPAA, GDPR, PCI-DSS, FDA, SOX"
CNT-2024-0078,CNT-2024-0078_PENDING_HIGH_Subscription_Agreement.txt,PENDING,HIGH,Subscription Agreement,"139,268",TechCorp Solutions,CloudScale Networks,"December 10, 2025","October 14, 2027","GDPR, PCI-DSS, SOC 2"
CNT-2024-0079,CNT-2024-0079_ACTIVE_CRITICAL_Marketing_Services_Agreement.txt,ACTIVE,CRITICAL,Marketing Services Agreement,"854,655",InnovateTech Inc,SecureData Corp,"June 22, 2025","June 08, 2028","HIPAA, GDPR, PCI-DSS, FDA, SOX"
CNT-2024-0079,CNT-2024-0079_EXPIRED_HIGH_Healthcare_Services_Agreement.txt,EXPIRED,HIGH,Healthcare Services Agreement,"138,704",InnovateTech Inc,SecureData Inc,"May 15, 2025","August 31, 2027","GDPR, PCI-DSS, SOC 2"
CNT-2024-0080,CNT-2024-0080_PENDING_MEDIUM_Cloud_Services_Agreement.txt,PENDING,MEDIUM,Cloud Services Agreement,"73,868",GlobalCorp Industries,SecureData Corp,"June 21, 2025","March 31, 2028",Standard
CNT-2024-0080,CNT-2024-0080_WARNING_HIGH_Subscription_Agreement.txt,WARNING,HIGH,Subscription Agreement,"448,756",Enterprise Systems LLC,DataVault Systems,"March 30, 2025","October 02, 2026","GDPR, PCI-DSS, SOC 2"
CNT-2024-0081,CNT-2024-0081_ACTIVE_HIGH_Healthcare_Services_Agreement.txt,ACTIVE,HIGH,Healthcare Services Agreement,"211,057",Enterprise Systems LLC,SecureData Inc,"October 12, 2025","December 12, 2026","GDPR, PCI-DSS, SOC 2"
CNT-2024-0081,CNT-2024-0081_WARNING_HIGH_Distribution_Agreement.txt,WARNING,HIGH,Distribution Agreement,"311,019",GlobalCorp Industries,SecureData Corp,"March 16, 2025","January 28, 2026","GDPR, PCI-DSS, SOC 2"
CNT-2024-0082,CNT-2024-0082_PENDING_HIGH_Maintenance_Contract.txt,PENDING,HIGH,Maintenance Contract,"400,353",InnovateTech Inc,VendorMax Solutions,"October 03, 2025","September 10, 2028","GDPR, PCI-DSS, SOC 2"
CNT-2024-0082,CNT-2024-0082_RENEWED_CRITICAL_Marketing_Services_Agreement.txt,RENEWED,CRITICAL,Marketing Services Agreement,"1,395,195",NexGen Technologies,BuildPro Construction,"October 29, 2025","February 25, 2029","HIPAA, GDPR, PCI-DSS, FDA, SOX"
CNT-2024-0083,CNT-2024-0083_EXPIRED_LOW_Cloud_Services_Agreement.txt,EXPIRED,LOW,Cloud Services Agreement,"18,567",TechCorp Solutions,BuildPro Construction,"April 08, 2025","November 26, 2025",Standard
CNT-2024-0083,CNT-2024-0083_WARNING_HIGH_Data_Processing_Agreement.txt,WARNING,HIGH,Data Processing Agreement,"482,963",Enterprise Systems LLC,CloudScale Networks,"July 25, 2025","July 11, 2028","GDPR, PCI-DSS, SOC 2"
CNT-2024-0084,CNT-2024-0084_ACTIVE_LOW_Construction_Contract.txt,ACTIVE,LOW,Construction Contract,"17,591",TechCorp Solutions,SecureData Corp,"November 02, 2025","June 05, 2029",Standard
CNT-2024-0084,CNT-2024-0084_RENEWED_HIGH_Consulting_Services_Agreement.txt,RENEWED,HIGH,Consulting Services Agreement,"411,925",Digital Dynamics Corp,DataVault Systems,"September 04, 2025","December 13, 2026","GDPR, PCI-DSS, SOC 2"
CNT-2024-0085,CNT-2024-0085_EXPIRED_HIGH_Professional_Services_Contract.txt,EXPIRED,HIGH,Professional Services Contract,"281,435",InnovateTech Inc,CloudScale Networks,"February 17, 2025","May 08, 2027","GDPR, PCI-DSS, SOC 2"
CNT-2024-0085,CNT-2024-0085_EXPIRED_LOW_Supply_Agreement.txt,EXPIRED,LOW,Supply Agreement,"6,572",GlobalCorp Industries,SecureData Corp,"October 12, 2025","November 12, 2025",Standard
CNT-2024-0086,CNT-2024-0086_ACTIVE_LOW_Manufacturing_Agreement.txt,ACTIVE,LOW,Manufacturing Agreement,"21,376",DataStream Systems,DataVault Systems,"January 26, 2025","May 25, 2027",Standard
CNT-2024-0086,CNT-2024-0086_WARNING_HIGH_Maintenance_Contract.txt,WARNING,HIGH,Maintenance Contract,"176,205",GlobalCorp Industries,CloudScale Networks,"November 25, 2025","February 07, 2028","GDPR, PCI-DSS, SOC 2"
CNT-2024-0087,CNT-2024-0087_EXPIRED_HIGH_Development_Agreement.txt,EXPIRED,HIGH,Development Agreement,"456,178",Enterprise Systems LLC,DataVault Systems,"August 04, 2025","May 15, 2027","GDPR, PCI-DSS, SOC 2"
CNT-2024-0087,CNT-2024-0087_RENEWED_CRITICAL_Distribution_Agreement.txt,RENEWED,CRITICAL,Distribution Agreement,"755,689",TechCorp Solutions,CloudScale Networks,"January 30, 2025","December 09, 2028","HIPAA, GDPR, PCI-DSS, FDA, SOX"
CNT-2024-0088,CNT-2024-0088_PENDING_HIGH_Equipment_Lease.txt,PENDING,HIGH,Equipment Lease,"138,940",Enterprise Systems LLC,SecureData Inc,"November 19, 2025","September 02, 2028","GDPR, PCI-DSS, SOC 2"
CNT-2024-0088,CNT-2024-0088_RENEWED_HIGH_Professional_Services_Contract.txt,RENEWED,HIGH,Professional Services Contract,"168,710",NexGen Technologies,BuildPro Construction,"April 23, 2025","April 20, 2028","GDPR, PCI-DSS, SOC 2"
CNT-2024-0089,CNT-2024-0089_RENEWED_MEDIUM_Marketing_Services_Agreement.txt,RENEWED,MEDIUM,Marketing Services Agreement,"97,693",InnovateTech Inc,BuildPro Construction,"May 23, 2025","May 11, 2028",Standard
CNT-2024-0089,CNT-2024-0089_WARNING_HIGH_Consulting_Services_Agreement.txt,WARNING,HIGH,Consulting Services Agreement,"110,604",TechCorp Solutions,BuildPro Construction,"March 30, 2025","September 10, 2027","GDPR, PCI-DSS, SOC 2"
CNT-2024-0090,CNT-2024-0090_EXPIRED_HIGH_Equipment_Lease.txt,EXPIRED,HIGH,Equipment Lease,"153,997",TechCorp Solutions,DataVault Systems,"May 30, 2025","November 10, 2027","GDPR, PCI-DSS, SOC 2"
CNT-2024-0090,CNT-2024-0090_RENEWED_HIGH_Healthcare_Services_Agreement.txt,RENEWED,HIGH,Healthcare Services Agreement,"301,231",InnovateTech Inc,BuildPro Construction,"October 19, 2025","September 15, 2028","GDPR, PCI-DSS, SOC 2"
CNT-2024-0091,CNT-2024-0091_EXPIRED_MEDIUM_Cloud_Services_Agreement.txt,EXPIRED,MEDIUM,Cloud Services Agreement,"77,854",DataStream Systems,SecureData Corp,"July 28, 2025","September 19, 2025",Standard
CNT-2024-0091,CNT-2024-0091_PENDING_HIGH_Equipment_Lease.txt,PENDING,HIGH,Equipment Lease,"290,622",TechCorp Solutions,SecureData Inc,"December 07, 2025","November 14, 2026","GDPR, PCI-DSS, SOC 2"
CNT-2024-0092,CNT-2024-0092_PENDING_CRITICAL_Healthcare_Services_Agreement.txt,PENDING,CRITICAL,Healthcare Services Agreement,"830,240",InnovateTech Inc,VendorMax Solutions,"September 30, 2025","December 24, 2027","HIPAA, GDPR, PCI-DSS, FDA, SOX"
CNT-2024-0092,CNT-2024-0092_WARNING_HIGH_Professional_Services_Contract.txt,WARNING,HIGH,Professional Services Contract,"466,592",InnovateTech Inc,DataVault Systems,"August 15, 2025","September 26, 2027","GDPR, PCI-DSS, SOC 2"
CNT-2024-0093,CNT-2024-0093_RENEWED_MEDIUM_Logistics_Contract.txt,RENEWED,MEDIUM,Logistics Contract,"47,468",GlobalCorp Industries,CloudScale Networks,"June 04, 2025","October 30, 2026",Standard
CNT-2024-0093,CNT-2024-0093_WARNING_HIGH_Supply_Agreement.txt,WARNING,HIGH,Supply Agreement,"438,976",TechCorp Solutions,BuildPro Construction,"August 06, 2025","May 19, 2027","GDPR, PCI-DSS, SOC 2"
CNT-2024-0094,CNT-2024-0094_PENDING_HIGH_Construction_Contract.txt,PENDING,HIGH,Construction Contract,"470,009",DataStream Systems,SecureData Corp,"September 09, 2025","July 11, 2027","GDPR, PCI-DSS, SOC 2"
CNT-2024-0094,CNT-2024-0094_RENEWED_HIGH_Healthcare_Services_Agreement.txt,RENEWED,HIGH,Healthcare Services Agreement,"452,898",TechCorp Solutions,BuildPro Construction,"May 02, 2025","May 27, 2028","GDPR, PCI-DSS, SOC 2"
CNT-2024-0095,CNT-2024-0095_EXPIRED_LOW_Manufacturing_Agreement.txt,EXPIRED,LOW,Manufacturing Agreement,"20,313",NexGen Technologies,SecureData Corp,"August 10, 2025","January 03, 2026",Standard
CNT-2024-0095,CNT-2024-0095_PENDING_HIGH_Construction_Contract.txt,PENDING,HIGH,Construction Contract,"278,860",InnovateTech Inc,VendorMax Solutions,"September 29, 2025","September 03, 2028","GDPR, PCI-DSS, SOC 2"
CNT-2024-0096,CNT-2024-0096_PENDING_HIGH_Equipment_Rental_Agreement.txt,PENDING,HIGH,Equipment Rental Agreement,"107,481",GlobalCorp Industries,DataVault Systems,"November 18, 2025","November 25, 2026","GDPR, PCI-DSS, SOC 2"
CNT-2024-0096,CNT-2024-0096_WARNING_MEDIUM_Cloud_Services_Agreement.txt,WARNING,MEDIUM,Cloud Services Agreement,"96,749",NexGen Technologies,SecureData Corp,"February 28, 2025","January 30, 2026",Standard
CNT-2024-0097,CNT-2024-0097_ACTIVE_HIGH_API_Integration_License.txt,ACTIVE,HIGH,API Integration License,"187,572",DataStream Systems,SecureData Corp,"June 08, 2025","March 10, 2027","GDPR, PCI-DSS, SOC 2"
CNT-2024-0097,CNT-2024-0097_RENEWED_HIGH_Manufacturing_Agreement.txt,RENEWED,HIGH,Manufacturing Agreement,"281,649",InnovateTech Inc,CloudScale Networks,"June 20, 2025","June 08, 2026","GDPR, PCI-DSS, SOC 2"
CNT-2024-0098,CNT-2024-0098_PENDING_CRITICAL_Software_Licensing_Agreement.txt,PENDING,CRITICAL,Software Licensing Agreement,"1,236,126",InnovateTech Inc,BuildPro Construction,"December 11, 2025","May 17, 2028","HIPAA, GDPR, PCI-DSS, FDA, SOX"
CNT-2024-0098,CNT-2024-0098_WARNING_HIGH_Consulting_Services_Agreement.txt,WARNING,HIGH,Consulting Services Agreement,"196,134",Digital Dynamics Corp,DataVault Systems,"December 10, 2025","August 29, 2028","GDPR, PCI-DSS, SOC 2"
CNT-2024-0099,CNT-2024-0099_EXPIRED_MEDIUM_Marketing_Services_Agreement.txt,EXPIRED,MEDIUM,Marketing Services Agreement,"48,004",NexGen Technologies,BuildPro Construction,"March 21, 2025","October 17, 2025",Standard
CNT-2024-0099,CNT-2024-0099_WARNING_HIGH_Software_Licensing_Agreement.txt,WARNING,HIGH,Software Licensing Agreement,"122,343",GlobalCorp Industries,CloudScale Networks,"August 30, 2025","August 29, 2027","GDPR, PCI-DSS, SOC 2"
CNT-2024-0100,CNT-2024-0100_ACTIVE_CRITICAL_Equipment_Lease.txt,ACTIVE,CRITICAL,Equipment Lease,"1,831,996",InnovateTech Inc,CloudScale Networks,"August 28, 2025","January 08, 2028","HIPAA, GDPR, PCI-DSS, FDA, SOX"
CNT-2024-0100,CNT-2024-0100_RENEWED_HIGH_Marketing_Services_Agreement.txt,RENEWED,HIGH,Marketing Services Agreement,"148,812",TechCorp Solutions,BuildPro Construction,"June 10, 2025","July 28, 2026","GDPR, PCI-DSS, SOC 2"
CNT-2024-0101,CNT-2024-0101_ACTIVE_HIGH_Subscription_Agreement.txt,ACTIVE,HIGH,Subscription Agreement,"439,235",Digital Dynamics Corp,SecureData Inc,"February 09, 2025","March 18, 2027","GDPR, PCI-DSS, SOC 2"
CNT-2024-0101,CNT-2024-0101_EXPIRED_HIGH_Financial_Services_Agreement.txt,EXPIRED,HIGH,Financial Services Agreement,"352,799",GlobalCorp Industries,SecureData Corp,"May 07, 2025","August 10, 2025","GDPR, PCI-DSS, SOC 2"
CNT-2024-0102,CNT-2024-0102_RENEWED_HIGH_Maintenance_Contract.txt,RENEWED,HIGH,Maintenance Contract,"176,974",InnovateTech Inc,DataVault Systems,"December 04, 2025","August 10, 2028","GDPR, PCI-DSS, SOC 2"
CNT-2024-0102,CNT-2024-0102_WARNING_HIGH_IT_Support_Contract.txt,WARNING,HIGH,IT Support Contract,"497,996",GlobalCorp Industries,SecureData Inc,"October 04, 2025","March 27, 2028","GDPR, PCI-DSS, SOC 2"
CNT-2024-0103,CNT-2024-0103_ACTIVE_HIGH_Vendor_Agreement.txt,ACTIVE,HIGH,Vendor Agreement,"240,534",NexGen Technologies,CloudScale Networks,"June 27, 2025","March 29, 2029","GDPR, PCI-DSS, SOC 2"
CNT-2024-0103,CNT-2024-0103_WARNING_HIGH_Software_Licensing_Agreement.txt,WARNING,HIGH,Software Licensing Agreement,"318,037",GlobalCorp Industries,SecureData Inc,"July 07, 2025","January 07, 2027","GDPR, PCI-DSS, SOC 2"
CNT-2024-0104,CNT-2024-0104_EXPIRED_MEDIUM_Marketing_Services_Agreement.txt,EXPIRED,MEDIUM,Marketing Services Agreement,"80,833",InnovateTech Inc,SecureData Corp,"May 02, 2025","October 30, 2025",Standard
CNT-2024-0104,CNT-2024-0104_WARNING_HIGH_Cloud_Services_Agreement.txt,WARNING,HIGH,Cloud Services Agreement,"336,460",GlobalCorp Industries,VendorMax Solutions,"May 05, 2025","June 02, 2027","GDPR, PCI-DSS, SOC 2"
CNT-2024-0105,CNT-2024-0105_ACTIVE_CRITICAL_Equipment_Rental_Agreement.txt,ACTIVE,CRITICAL,Equipment Rental Agreement,"733,514",GlobalCorp Industries,DataVault Systems,"July 20, 2025","October 16, 2026","HIPAA, GDPR, PCI-DSS, FDA, SOX"
CNT-2024-0105,CNT-2024-0105_ACTIVE_HIGH_Partnership_Agreement.txt,ACTIVE,HIGH,Partnership Agreement,"157,285",NexGen Technologies,VendorMax Solutions,"March 14, 2025","March 28, 2028","GDPR, PCI-DSS, SOC 2"
CNT-2024-0106,CNT-2024-0106_EXPIRED_CRITICAL_Equipment_Lease.txt,EXPIRED,CRITICAL,Equipment Lease,"700,563",Enterprise Systems LLC,BuildPro Construction,"March 01, 2025","April 21, 2027","HIPAA, GDPR, PCI-DSS, FDA, SOX"
CNT-2024-0106,CNT-2024-0106_WARNING_MEDIUM_IT_Support_Contract.txt,WARNING,MEDIUM,IT Support Contract,"35,222",DataStream Systems,BuildPro Construction,"October 10, 2025","February 04, 2026",Standard
CNT-2024-0107,CNT-2024-0107_ACTIVE_LOW_Consulting_Services_Agreement.txt,ACTIVE,LOW,Consulting Services Agreement,"22,718",NexGen Technologies,SecureData Corp,"September 10, 2025","September 30, 2026",Standard
CNT-2024-0107,CNT-2024-0107_WARNING_CRITICAL_Subscription_Agreement.txt,WARNING,CRITICAL,Subscription Agreement,"568,393",Enterprise Systems LLC,VendorMax Solutions,"April 20, 2025","February 08, 2027","HIPAA, GDPR, PCI-DSS, FDA, SOX"
CNT-2024-0108,CNT-2024-0108_EXPIRED_CRITICAL_Manufacturing_Agreement.txt,EXPIRED,CRITICAL,Manufacturing Agreement,"1,998,202",TechCorp Solutions,CloudScale Networks,"June 22, 2025","May 30, 2027","HIPAA, GDPR, PCI-DSS, FDA, SOX"
CNT-2024-0108,CNT-2024-0108_WARNING_CRITICAL_API_Integration_License.txt,WARNING,CRITICAL,API Integration License,"1,351,543",NexGen Technologies,SecureData Corp,"June 15, 2025","February 06, 2026","HIPAA, GDPR, PCI-DSS, FDA, SOX"
CNT-2024-0109,CNT-2024-0109_RENEWED_LOW_Subscription_Agreement.txt,RENEWED,LOW,Subscription Agreement,"12,111",TechCorp Solutions,BuildPro Construction,"September 13, 2025","August 22, 2028",Standard
CNT-2024-0109,CNT-2024-0109_WARNING_CRITICAL_Marketing_Services_Agreement.txt,WARNING,CRITICAL,Marketing Services Agreement,"854,419",Enterprise Systems LLC,BuildPro Construction,"April 21, 2025","June 29, 2027","HIPAA, GDPR, PCI-DSS, FDA, SOX"
CNT-2024-0110,CNT-2024-0110_PENDING_CRITICAL_Marketing_Services_Agreement.txt,PENDING,CRITICAL,Marketing Services Agreement,"1,034,094",InnovateTech Inc,SecureData Corp,"March 23, 2025","July 08, 2026","HIPAA, GDPR, PCI-DSS, FDA, SOX"
CNT-2024-0110,CNT-2024-0110_RENEWED_CRITICAL_API_Integration_License.txt,RENEWED,CRITICAL,API Integration License,"1,876,861",Digital Dynamics Corp,SecureData Inc,"June 22, 2025","April 03, 2028","HIPAA, GDPR, PCI-DSS, FDA, SOX"
CNT-2024-0111,CNT-2024-0111_RENEWED_CRITICAL_Maintenance_Contract.txt,RENEWED,CRITICAL,Maintenance Contract,"1,400,701",Digital Dynamics Corp,DataVault Systems,"November 06, 2025","July 19, 2027","HIPAA, GDPR, PCI-DSS, FDA, SOX"
CNT-2024-0111,CNT-2024-0111_WARNING_CRITICAL_Manufacturing_Agreement.txt,WARNING,CRITICAL,Manufacturing Agreement,"977,810",GlobalCorp Industries,CloudScale Networks,"July 16, 2025","January 18, 2026","HIPAA, GDPR, PCI-DSS, FDA, SOX"
CNT-2024-0112,CNT-2024-0112_ACTIVE_CRITICAL_Consulting_Services_Agreement.txt,ACTIVE,CRITICAL,Consulting Services Agreement,"1,639,572",NexGen Technologies,VendorMax Solutions,"June 25, 2025","March 09, 2028","HIPAA, GDPR, PCI-DSS, FDA, SOX"
CNT-2024-0112,CNT-2024-0112_RENEWED_CRITICAL_Partnership_Agreement.txt,RENEWED,CRITICAL,Partnership Agreement,"827,350",TechCorp Solutions,SecureData Inc,"February 05, 2025","June 16, 2026","HIPAA, GDPR, PCI-DSS, FDA, SOX"
CNT-2024-0113,CNT-2024-0113_ACTIVE_CRITICAL_Marketing_Services_Agreement.txt,ACTIVE,CRITICAL,Marketing Services Agreement,"1,311,401",TechCorp Solutions,BuildPro Construction,"October 21, 2025","November 04, 2028","HIPAA, GDPR, PCI-DSS, FDA, SOX"
CNT-2024-0113,CNT-2024-0113_PENDING_MEDIUM_Software_Licensing_Agreement.txt,PENDING,MEDIUM,Software Licensing Agreement,"47,602",NexGen Technologies,DataVault Systems,"December 04, 2025","February 29, 2028",Standard
CNT-2024-0114,CNT-2024-0114_PENDING_LOW_Office_Lease_Agreement.txt,PENDING,LOW,Office Lease Agreement,"21,514",DataStream Systems,SecureData Corp,"September 06, 2025","December 22, 2027",Standard
CNT-2024-0114,CNT-2024-0114_RENEWED_CRITICAL_Equipment_Rental_Agreement.txt,RENEWED,CRITICAL,Equipment Rental Agreement,"1,839,859",InnovateTech Inc,DataVault Systems,"July 24, 2025","June 12, 2028","HIPAA, GDPR, PCI-DSS, FDA, SOX"
CNT-2024-0115,CNT-2024-0115_PENDING_CRITICAL_Healthcare_Services_Agreement.txt,PENDING,CRITICAL,Healthcare Services Agreement,"674,687",Enterprise Systems LLC,DataVault Systems,"October 16, 2025","August 31, 2028","HIPAA, GDPR, PCI-DSS, FDA, SOX"
CNT-2024-0115,CNT-2024-0115_WARNING_MEDIUM_Manufacturing_Agreement.txt,WARNING,MEDIUM,Manufacturing Agreement,"62,841",GlobalCorp Industries,VendorMax Solutions,"November 18, 2025","February 11, 2026",Standard
CNT-2024-0116,CNT-2024-0116_WARNING_CRITICAL_Manufacturing_Agreement.txt,WARNING,CRITICAL,Manufacturing Agreement,"1,801,254",InnovateTech Inc,DataVault Systems,"September 25, 2025","March 26, 2027","HIPAA, GDPR, PCI-DSS, FDA, SOX"
